"Дата","Цена","Откр.","Макс.","Мин.","Объём","Изм. %"
"30.12.2025","299,90","300,50","300,99","299,08","19,99M","0,07%"
"29.12.2025","299,70","302,66","306,20","298,50","56,87M","-0,94%"
"28.12.2025","302,55","302,66","302,83","301,40","4,94M","-0,03%"
"27.12.2025","302,63","302,66","303,18","302,52","1,83M","0,04%"
"26.12.2025","302,51","300,26","302,60","300,02","24,76M","0,75%"
"25.12.2025","300,26","302,31","302,72","300,07","11,66M","-0,59%"
"24.12.2025","302,03","300,66","303,15","299,32","20,63M","0,46%"
"23.12.2025","300,65","298,03","301,68","297,32","18,48M","0,98%"
"22.12.2025","297,72","300,01","300,65","296,84","27,84M","-0,73%"
"21.12.2025","299,92","300,01","300,49","299,64","4,24M","-0,11%"
"20.12.2025","300,26","300,01","300,64","299,92","1,74M","0,13%"
"19.12.2025","299,87","302,30","303,25","298,51","51,75M","-0,69%"
"18.12.2025","301,96","303,38","304,27","300,47","38,43M","-0,51%"
"17.12.2025","303,50","304,79","305,88","301,78","30,32M","-0,42%"
"16.12.2025","304,78","305,07","306,20","303,53","24,82M","-0,10%"
"15.12.2025","305,08","304,32","305,80","303,07","30,96M","0,23%"
"14.12.2025","304,39","304,32","304,94","304,07","3,59M","-0,12%"
"13.12.2025","304,77","304,32","305,25","304,32","2,03M","0,30%"
"12.12.2025","303,86","307,21","307,92","303,61","31,81M","-1,08%"
"11.12.2025","307,19","306,84","309,41","305,20","44,06M","0,15%"
"10.12.2025","306,73","307,00","307,68","306,00","14,60M","0,11%"
"09.12.2025","306,39","305,00","307,70","304,50","22,99M","0,47%"
"08.12.2025","304,95","307,53","308,48","304,20","27,63M","-0,74%"
"05.12.2025","307,22","301,76","307,92","301,66","34,20M","1,81%"
"04.12.2025","301,76","303,25","304,58","301,40","16,62M","-0,36%"
"03.12.2025","302,85","301,10","303,76","299,10","28,90M","-0,30%"
"02.12.2025","303,77","305,60","305,92","301,46","19,88M","-0,47%"
"01.12.2025","305,20","304,32","306,48","303,01","23,74M","-0,01%"
"30.11.2025","305,23","304,32","305,42","303,72","2,95M","0,44%"
"29.11.2025","303,88","304,32","304,78","303,78","967,80K","-0,10%"
"28.11.2025","304,17","300,86","305,26","299,05","24,86M","1,55%"
"27.11.2025","299,53","305,47","306,25","297,33","34,52M","-1,78%"
"26.11.2025","304,96","306,48","306,87","304,00","12,94M","-0,53%"
"25.11.2025","306,60","306,00","307,97","303,00","29,43M","0,24%"
"24.11.2025","305,87","308,67","309,95","303,70","26,54M","-0,27%"
"21.11.2025","306,70","308,50","309,23","304,22","32,34M","-0,39%"
"20.11.2025","307,89","304,76","308,88","301,78","42,35M","1,03%"
"19.11.2025","304,75","300,00","309,90","298,66","60,13M","1,77%"
"18.11.2025","299,44","294,68","302,86","293,33","47,26M","1,62%"
"17.11.2025","294,68","297,44","297,89","293,64","22,56M","-0,78%"
"16.11.2025","297,00","297,44","297,20","296,66","1,19M","-0,06%"
"15.11.2025","297,17","297,44","297,79","296,82","665,26K","-0,09%"
"14.11.2025","297,44","299,09","299,70","295,50","19,66M","-0,55%"
"13.11.2025","299,09","299,00","301,53","297,67","16,85M","0,00%"
"12.11.2025","299,09","301,15","301,89","296,81","24,33M","-0,67%"
"11.11.2025","301,12","300,86","301,87","298,06","21,49M","0,22%"
"10.11.2025","300,46","297,27","302,79","296,70","42,98M","0,84%"
"09.11.2025","297,97","297,27","298,34","297,59","3,80M","0,01%"
"08.11.2025","297,93","297,27","298,44","296,70","3,20M","0,37%"
"07.11.2025","296,84","293,50","298,09","292,52","22,07M","0,87%"
"06.11.2025","294,27","295,73","296,93","292,01","24,03M","-0,48%"
"05.11.2025","295,70","297,64","298,82","293,88","33,74M","-0,79%"
"03.11.2025","298,04","294,19","300,00","294,19","17,97M","1,48%"
"01.11.2025","293,70","292,00","294,42","290,35","12,82M","0,62%"
"31.10.2025","291,89","296,04","297,97","290,00","31,68M","-1,43%"
"30.10.2025","296,12","290,49","298,00","289,13","37,77M","1,93%"
"29.10.2025","290,50","290,45","291,51","288,15","21,78M","0,36%"
"28.10.2025","289,46","283,22","290,70","281,00","36,97M","2,22%"
"27.10.2025","283,17","287,47","287,99","282,46","35,16M","-1,52%"
"24.10.2025","287,55","292,17","294,93","286,30","47,90M","-1,46%"
"23.10.2025","291,80","286,93","291,98","285,21","39,23M","0,61%"
"22.10.2025","290,02","295,52","295,77","286,76","43,16M","-1,84%"
"21.10.2025","295,47","304,10","304,43","290,50","70,65M","-2,81%"
"20.10.2025","304,00","301,30","306,15","301,30","34,81M","0,32%"
"19.10.2025","303,03","301,30","304,85","302,24","10,14M","-0,38%"
"18.10.2025","304,18","301,30","304,73","301,30","6,84M","1,09%"
"17.10.2025","300,91","303,23","305,00","299,76","45,29M","-0,66%"
"16.10.2025","302,91","283,90","304,00","282,40","94,01M","6,76%"
"15.10.2025","283,74","283,93","285,39","282,00","22,41M","0,16%"
"14.10.2025","283,30","285,50","286,99","282,05","22,30M","-0,73%"
"13.10.2025","285,39","284,40","288,75","282,22","37,26M","-0,50%"
"12.10.2025","286,81","284,40","286,81","285,05","4,05M","0,58%"
"11.10.2025","285,16","284,40","285,25","283,45","2,39M","0,01%"
"10.10.2025","285,12","289,90","289,95","284,10","34,17M","-1,47%"
"09.10.2025","289,37","282,80","290,45","278,75","76,18M","2,65%"
"08.10.2025","281,90","293,93","295,00","278,00","75,22M","-4,08%"
"07.10.2025","293,89","290,00","295,87","288,75","37,89M","1,15%"
"06.10.2025","290,56","283,00","291,17","279,14","44,56M","3,04%"
"05.10.2025","281,99","283,00","282,10","279,15","8,08M","0,57%"
"04.10.2025","280,40","283,00","283,00","279,45","5,63M","-0,89%"
"03.10.2025","282,91","285,75","287,32","282,58","17,10M","-0,81%"
"02.10.2025","285,22","286,40","287,15","282,80","28,02M","-0,41%"
"01.10.2025","286,40","288,88","290,39","285,11","22,90M","-0,68%"
"30.09.2025","288,36","287,67","289,88","285,24","29,38M","0,27%"
"29.09.2025","287,57","291,03","295,50","286,50","36,27M","-1,21%"
"28.09.2025","291,08","291,03","291,85","291,00","1,32M","-0,21%"
"27.09.2025","291,69","291,03","292,00","291,03","723,04K","0,12%"
"26.09.2025","291,33","290,20","292,79","288,52","22,64M","0,49%"
"25.09.2025","289,90","293,87","294,89","289,50","21,00M","-1,16%"
"24.09.2025","293,31","291,80","296,64","288,40","47,85M","0,59%"
"23.09.2025","291,60","298,26","300,11","290,39","33,99M","-2,16%"
"22.09.2025","298,05","295,86","299,30","292,16","41,18M","1,09%"
"19.09.2025","294,84","301,60","303,80","294,61","38,92M","-2,27%"
"18.09.2025","301,68","304,80","305,05","300,66","27,54M","-0,93%"
"17.09.2025","304,50","301,80","305,92","299,80","31,42M","0,89%"
"16.09.2025","301,80","303,00","304,20","299,70","26,11M","-0,22%"
"15.09.2025","302,48","303,61","304,75","300,71","24,79M","-0,49%"
"14.09.2025","303,97","303,61","304,24","302,73","2,85M","0,37%"
"13.09.2025","302,84","303,61","303,80","302,66","1,28M","-0,22%"
"12.09.2025","303,50","307,50","308,72","302,53","39,32M","-1,18%"
"11.09.2025","307,11","309,76","310,77","305,80","29,44M","-0,86%"
"10.09.2025","309,76","313,65","313,65","309,00","19,29M","-1,05%"
"09.09.2025","313,06","313,00","314,25","311,62","17,12M","0,07%"
"08.09.2025","312,83","310,50","313,26","310,10","18,35M","0,69%"
"07.09.2025","310,69","310,50","310,98","310,13","1,39M","0,18%"
"06.09.2025","310,13","310,50","310,89","310,10","654,61K","-0,12%"
"05.09.2025","310,50","309,10","311,16","308,80","11,65M","0,57%"
"04.09.2025","308,74","309,60","310,80","307,50","12,85M","-0,24%"
"03.09.2025","309,49","308,45","309,68","307,21","10,48M","0,34%"
"02.09.2025","308,44","309,20","310,10","307,05","17,41M","-0,25%"
"01.09.2025","309,20","309,99","312,50","308,82","12,92M","-0,58%"
"31.08.2025","310,99","309,99","311,24","309,92","1,87M","0,35%"
"30.08.2025","309,92","309,99","310,54","309,71","780,76K","-0,04%"
"29.08.2025","310,04","311,18","311,82","308,95","14,86M","-0,25%"
"28.08.2025","310,82","313,03","314,50","310,12","20,31M","-0,63%"
"27.08.2025","312,78","312,00","313,78","311,06","11,69M","0,32%"
"26.08.2025","311,79","311,11","314,00","310,50","11,30M","0,12%"
"25.08.2025","311,42","312,11","312,50","308,75","16,60M","-0,13%"
"24.08.2025","311,84","312,11","312,44","311,50","1,30M","-0,15%"
"23.08.2025","312,30","312,11","312,47","311,68","567,84K","0,08%"
"22.08.2025","312,05","310,11","312,49","309,75","15,50M","0,67%"
"21.08.2025","309,98","314,17","315,10","309,28","30,82M","-1,33%"
"20.08.2025","314,17","316,53","317,51","313,02","18,65M","-0,74%"
"19.08.2025","316,50","318,98","319,73","316,29","21,88M","-0,59%"
"18.08.2025","318,38","316,86","319,89","310,03","47,24M","1,08%"
"17.08.2025","314,97","316,86","315,67","314,80","12,20M","-0,06%"
"16.08.2025","315,17","316,86","316,86","311,84","10,30M","-1,32%"
"15.08.2025","319,40","318,90","320,50","318,45","26,07M","0,21%"
"14.08.2025","318,73","317,60","319,20","314,81","26,46M","0,38%"
"13.08.2025","317,51","318,00","319,70","317,05","21,13M","-0,15%"
"12.08.2025","318,00","318,17","318,99","316,60","18,77M","0,06%"
"11.08.2025","317,82","321,72","322,90","317,05","42,44M","-0,05%"
"08.08.2025","317,97","314,68","317,98","312,60","34,96M","1,45%"
"07.08.2025","313,43","310,22","316,50","308,76","72,09M","1,03%"
"06.08.2025","310,22","307,40","312,96","303,33","59,95M","0,92%"
"05.08.2025","307,38","307,97","308,67","305,25","21,50M","-0,19%"
"04.08.2025","307,95","305,30","308,12","304,50","28,42M","1,23%"
"01.08.2025","304,22","305,41","307,50","302,89","18,47M","-0,24%"
"31.07.2025","304,95","303,90","305,79","302,81","19,88M","0,54%"
"30.07.2025","303,30","305,58","306,20","303,20","14,50M","-0,64%"
"29.07.2025","305,26","304,77","308,26","303,05","30,70M","0,42%"
"28.07.2025","303,97","309,35","309,95","303,54","41,73M","-1,57%"
"27.07.2025","308,83","309,35","309,15","308,19","3,11M","-0,03%"
"26.07.2025","308,91","309,35","309,92","308,89","1,34M","-0,01%"
"25.07.2025","308,93","310,86","311,76","306,00","50,87M","-0,61%"
"24.07.2025","310,83","313,09","313,99","309,75","27,84M","-0,72%"
"23.07.2025","313,08","311,00","314,49","310,78","37,40M","0,78%"
"22.07.2025","310,67","310,65","311,72","308,55","26,94M","0,09%"
"21.07.2025","310,40","309,69","314,56","309,31","58,78M","-0,70%"
"20.07.2025","312,58","309,69","313,76","312,10","13,95M","0,05%"
"19.07.2025","312,42","309,69","313,60","309,69","9,03M","1,11%"
"18.07.2025","309,00","300,45","309,40","300,25","115,98M","-5,52%"
"17.07.2025","327,05","321,26","329,23","321,19","91,18M","1,70%"
"16.07.2025","321,58","320,00","322,00","319,54","36,86M","0,50%"
"15.07.2025","319,99","318,16","320,43","316,60","40,47M","0,64%"
"14.07.2025","317,97","310,00","318,85","304,38","60,98M","2,76%"
"13.07.2025","309,44","310,00","310,75","308,80","1,94M","-0,25%"
"12.07.2025","310,20","310,00","310,98","310,00","873,72K","0,10%"
"11.07.2025","309,88","314,50","317,88","308,85","39,28M","-1,32%"
"10.07.2025","314,01","310,77","315,07","310,50","23,71M","1,26%"
"09.07.2025","310,09","310,01","312,30","307,60","29,87M","0,12%"
"08.07.2025","309,71","313,34","315,31","309,60","25,53M","-1,21%"
"07.07.2025","313,50","319,50","320,60","312,82","31,00M","-1,84%"
"06.07.2025","319,37","319,50","319,70","319,29","1,09M","-0,06%"
"05.07.2025","319,55","319,50","320,58","319,50","671,87K","0,03%"
"04.07.2025","319,44","318,85","321,41","317,50","17,81M","0,08%"
"03.07.2025","319,17","319,53","321,50","318,74","20,29M","-0,08%"
"02.07.2025","319,43","318,96","319,85","317,41","20,70M","0,32%"
"01.07.2025","318,42","316,69","319,60","316,30","21,89M","0,72%"
"30.06.2025","316,15","315,20","317,70","314,60","30,13M","0,06%"
"29.06.2025","315,95","315,20","317,40","315,31","3,53M","0,20%"
"28.06.2025","315,31","315,20","315,63","315,11","890,79K","0,04%"
"27.06.2025","315,18","313,03","315,50","313,00","19,04M","0,75%"
"26.06.2025","312,84","313,80","314,50","312,74","12,98M","-0,30%"
"25.06.2025","313,78","311,65","314,29","311,57","20,23M","0,77%"
"24.06.2025","311,37","310,30","312,02","309,00","18,99M","0,39%"
"23.06.2025","310,17","310,90","311,44","308,04","15,95M","0,15%"
"20.06.2025","309,70","312,46","313,59","309,30","22,05M","-0,88%"
"19.06.2025","312,46","313,41","316,45","312,14","30,31M","-0,29%"
"18.06.2025","313,38","313,56","314,82","311,63","17,61M","-0,06%"
"17.06.2025","313,56","311,61","314,93","310,50","23,30M","0,66%"
"16.06.2025","311,50","310,21","314,37","309,55","24,72M","0,45%"
"15.06.2025","310,09","310,21","311,30","309,74","3,40M","-0,06%"
"14.06.2025","310,29","310,21","311,17","309,63","1,45M","0,03%"
"13.06.2025","310,20","313,28","313,39","309,53","13,42M","-0,58%"
"11.06.2025","312,00","309,53","313,60","308,03","26,28M","1,08%"
"10.06.2025","308,68","311,21","313,30","307,55","27,82M","-0,80%"
"09.06.2025","311,17","314,00","315,51","310,00","33,75M","-1,01%"
"08.06.2025","314,35","314,00","314,75","313,61","3,64M","-0,10%"
"07.06.2025","314,65","314,00","314,94","313,73","2,02M","0,49%"
"06.06.2025","313,13","318,35","325,43","312,52","102,02M","-1,52%"
"05.06.2025","317,96","313,55","318,59","313,53","28,36M","1,51%"
"04.06.2025","313,23","314,00","318,29","311,17","53,79M","-0,10%"
"03.06.2025","313,55","309,70","314,88","309,39","34,94M","1,27%"
"02.06.2025","309,63","309,31","311,99","300,51","54,58M","2,14%"
"01.06.2025","303,14","309,31","308,74","300,77","13,36M","-1,81%"
"31.05.2025","308,74","309,31","309,84","308,31","1,46M","-0,18%"
"30.05.2025","309,30","306,27","310,29","305,01","21,92M","0,86%"
"29.05.2025","306,65","308,61","309,95","305,66","24,05M","-0,59%"
"28.05.2025","308,47","299,00","308,82","299,00","48,00M","3,27%"
"27.05.2025","298,70","297,73","299,90","293,08","25,76M","0,31%"
"26.05.2025","297,77","302,22","302,49","295,50","34,63M","-1,47%"
"23.05.2025","302,22","302,66","305,00","301,33","17,18M","-0,15%"
"22.05.2025","302,66","304,50","305,60","299,17","35,01M","-0,43%"
"21.05.2025","303,98","306,17","307,56","302,89","20,46M","-0,71%"
"20.05.2025","306,16","308,88","309,55","304,70","19,81M","-0,70%"
"19.05.2025","308,33","306,34","313,00","306,01","54,70M","-0,91%"
"18.05.2025","311,15","306,34","311,32","308,89","10,20M","0,73%"
"17.05.2025","308,89","306,34","309,48","306,02","4,80M","0,83%"
"16.05.2025","306,34","304,70","308,88","296,56","63,96M","0,53%"
"15.05.2025","304,72","304,20","307,77","300,49","47,49M","0,17%"
"14.05.2025","304,21","311,50","313,71","304,04","27,15M","-2,26%"
"13.05.2025","311,24","310,80","312,50","309,61","24,76M","0,14%"
"12.05.2025","310,81","303,53","311,49","301,70","44,96M","2,87%"
"08.05.2025","302,15","302,90","306,00","300,61","20,81M","-0,21%"
"07.05.2025","302,79","302,50","304,24","300,56","29,67M","0,25%"
"06.05.2025","302,02","294,65","304,75","292,05","49,33M","2,50%"
"05.05.2025","294,64","299,90","302,78","291,66","51,32M","-1,77%"
"02.05.2025","299,96","307,80","307,80","299,70","19,75M","-2,55%"
"30.04.2025","307,80","309,28","309,95","303,12","41,27M","-0,52%"
"29.04.2025","309,41","314,99","315,45","308,10","30,25M","-1,53%"
"28.04.2025","314,23","318,42","320,26","313,52","64,06M","-0,78%"
"25.04.2025","316,69","310,85","317,87","310,71","51,76M","2,11%"
"24.04.2025","310,16","310,77","312,80","309,09","24,12M","0,05%"
"23.04.2025","310,00","313,00","314,98","305,55","58,85M","-0,72%"
"22.04.2025","312,25","308,50","315,00","306,55","64,48M","1,34%"
"21.04.2025","308,12","302,67","308,70","301,76","51,26M","2,70%"
"18.04.2025","300,01","302,70","303,85","296,25","46,15M","-1,57%"
"17.04.2025","304,80","300,89","305,07","300,41","37,58M","1,33%"
"16.04.2025","300,80","298,00","303,30","296,06","30,10M","0,94%"
"15.04.2025","297,99","296,51","300,45","295,60","24,26M","0,50%"
"14.04.2025","296,50","300,18","302,40","295,13","43,46M","-1,10%"
"11.04.2025","299,81","293,00","300,48","292,80","50,42M","2,51%"
"10.04.2025","292,46","294,09","296,75","288,27","62,86M","-0,32%"
"09.04.2025","293,40","280,91","294,48","276,33","109,38M","4,03%"
"08.04.2025","282,03","290,00","294,66","281,50","65,53M","-1,92%"
"07.04.2025","287,56","285,25","294,00","275,76","148,10M","0,77%"
"04.04.2025","285,35","303,55","304,37","284,40","88,72M","-5,54%"
"03.04.2025","302,09","306,21","309,20","296,00","52,41M","-1,31%"
"02.04.2025","306,11","303,23","306,50","301,21","40,21M","0,95%"
"01.04.2025","303,24","310,50","312,90","302,70","46,09M","-2,09%"
"31.03.2025","309,72","307,80","310,88","298,80","63,46M","0,55%"
"28.03.2025","308,04","311,96","313,65","305,65","51,88M","-1,26%"
"27.03.2025","311,96","315,51","317,16","311,95","36,15M","-1,04%"
"26.03.2025","315,23","319,90","320,88","315,01","20,58M","-1,43%"
"25.03.2025","319,80","320,00","322,20","314,65","48,33M","0,10%"
"24.03.2025","319,47","323,26","323,94","318,51","33,04M","-1,17%"
"21.03.2025","323,26","323,80","326,08","322,15","28,71M","-0,24%"
"20.03.2025","324,05","325,41","326,00","321,80","42,36M","-0,38%"
"19.03.2025","325,30","324,50","326,88","322,30","39,80M","0,38%"
"18.03.2025","324,06","326,20","329,77","323,82","72,95M","-0,60%"
"17.03.2025","326,02","320,69","326,97","319,82","65,84M","1,72%"
"14.03.2025","320,51","316,00","321,10","314,12","51,76M","1,31%"
"13.03.2025","316,37","318,39","320,50","312,50","78,55M","-0,63%"
"12.03.2025","318,39","319,99","320,90","315,80","41,96M","-0,41%"
"11.03.2025","319,69","317,70","321,98","315,57","64,94M","0,67%"
"10.03.2025","317,57","316,98","320,63","316,37","39,32M","0,21%"
"07.03.2025","316,92","315,19","321,87","310,69","110,87M","0,55%"
"06.03.2025","315,18","313,60","317,43","313,57","31,96M","0,52%"
"05.03.2025","313,56","316,40","318,30","313,00","57,79M","-0,90%"
"04.03.2025","316,40","306,95","318,50","306,14","88,13M","3,57%"
"03.03.2025","305,50","309,84","310,94","300,20","69,49M","-1,33%"
"28.02.2025","309,63","306,01","310,40","304,05","65,68M","0,82%"
"27.02.2025","307,10","310,22","312,45","305,43","60,94M","-1,01%"
"26.02.2025","310,22","316,97","317,45","308,31","73,83M","-2,13%"
"25.02.2025","316,97","316,03","318,59","315,62","38,83M","0,30%"
"24.02.2025","316,03","314,92","316,40","313,00","35,73M","0,41%"
"21.02.2025","314,74","315,48","316,69","312,00","32,73M","-0,10%"
"20.02.2025","315,05","315,91","317,96","314,02","33,16M","-0,27%"
"19.02.2025","315,91","313,53","317,25","311,01","50,48M","0,95%"
"18.02.2025","312,95","319,99","320,92","310,21","85,00M","-2,05%"
"17.02.2025","319,50","314,00","319,55","312,31","84,83M","3,11%"
"14.02.2025","309,87","315,59","317,84","303,06","126,69M","-0,07%"
"13.02.2025","310,10","315,61","318,72","307,20","116,93M","-1,24%"
"12.02.2025","314,00","294,30","314,40","291,30","185,82M","6,78%"
"11.02.2025","294,06","290,35","294,10","289,30","56,01M","1,42%"
"10.02.2025","289,94","287,61","294,55","287,61","73,05M","1,45%"
"07.02.2025","285,81","287,66","288,90","285,08","27,63M","-0,47%"
"06.02.2025","287,15","283,89","288,92","282,09","69,36M","1,51%"
"05.02.2025","282,88","277,30","283,89","275,34","43,07M","1,98%"
"04.02.2025","277,40","279,55","281,41","275,70","23,99M","-0,77%"
"03.02.2025","279,55","280,21","280,35","278,00","30,37M","-0,42%"
"31.01.2025","280,73","281,97","284,11","280,27","40,33M","-0,44%"
"30.01.2025","281,97","280,44","282,50","280,36","28,02M","0,57%"
"29.01.2025","280,36","278,00","282,18","277,12","39,16M","0,72%"
"28.01.2025","278,35","275,25","279,26","274,01","39,03M","1,13%"
"27.01.2025","275,23","280,72","280,97","275,01","39,04M","-1,96%"
"24.01.2025","280,74","281,00","282,75","279,25","32,16M","0,09%"
"23.01.2025","280,49","280,79","280,79","277,35","38,57M","0,05%"
"22.01.2025","280,36","282,00","284,00","280,20","47,11M","-0,53%"
"21.01.2025","281,85","279,39","281,85","276,32","40,48M","1,32%"
"20.01.2025","278,19","285,10","286,23","277,61","67,95M","-1,88%"
"17.01.2025","283,53","282,20","284,64","280,19","51,88M","0,61%"
"16.01.2025","281,80","283,70","284,00","281,18","49,45M","-0,34%"
"15.01.2025","282,77","280,00","282,82","276,06","52,86M","1,04%"
"14.01.2025","279,85","279,84","282,36","277,41","46,04M","0,02%"
"13.01.2025","279,80","280,62","284,75","278,60","66,60M","0,37%"
"10.01.2025","278,77","272,31","279,53","270,27","71,15M","2,56%"
"09.01.2025","271,80","276,71","278,77","270,73","52,95M","-1,88%"
"08.01.2025","277,00","273,07","277,87","273,07","26,63M","0,96%"
"06.01.2025","274,37","270,88","274,41","270,07","28,45M","0,78%"
"03.01.2025","272,25","280,00","280,41","271,80","43,09M","-2,57%"
"30.12.2024","279,43","274,00","279,49","273,70","52,63M","2,42%"
"28.12.2024","272,83","271,35","273,99","270,40","39,59M","0,60%"
"27.12.2024","271,20","269,61","272,16","268,57","52,14M","0,61%"
"26.12.2024","269,56","272,00","274,25","269,10","75,74M","-0,78%"
"25.12.2024","271,69","263,62","273,00","260,31","125,54M","2,78%"
"24.12.2024","264,34","264,94","266,79","261,02","83,81M","-0,21%"
"23.12.2024","264,90","260,00","270,00","256,51","163,17M","2,83%"
"20.12.2024","257,60","229,10","258,98","228,03","235,19M","12,49%"
"19.12.2024","229,00","230,16","234,99","227,71","124,06M","-0,50%"
"18.12.2024","230,15","226,72","230,80","224,33","58,06M","1,61%"
"17.12.2024","226,50","225,60","227,49","223,72","45,89M","0,43%"
"16.12.2024","225,53","228,62","229,05","224,38","54,59M","-1,39%"
"13.12.2024","228,70","228,90","231,33","227,85","46,12M","-0,14%"
"12.12.2024","229,02","234,00","235,95","228,52","59,17M","-2,21%"
"11.12.2024","234,19","230,50","234,39","229,22","64,91M","1,46%"
"10.12.2024","230,82","238,00","238,01","230,65","58,74M","-2,73%"
"09.12.2024","237,29","239,29","240,51","236,75","52,49M","-0,23%"
"06.12.2024","237,84","233,63","238,25","231,52","81,10M","1,87%"
"05.12.2024","233,48","224,57","233,75","222,82","86,99M","3,98%"
"04.12.2024","224,55","231,00","233,79","224,30","72,42M","-2,71%"
"03.12.2024","230,80","235,29","235,97","230,26","45,32M","-1,86%"
"02.12.2024","235,17","237,02","238,70","234,32","45,14M","-0,56%"
"29.11.2024","236,49","228,48","236,99","227,55","70,30M","3,47%"
"28.11.2024","228,56","227,00","229,50","222,48","67,84M","1,00%"
"27.11.2024","226,30","223,90","226,47","219,20","112,46M","1,41%"
"26.11.2024","223,16","227,80","231,90","221,20","96,80M","-2,04%"
"25.11.2024","227,81","236,00","237,10","227,25","76,47M","-3,47%"
"22.11.2024","236,00","240,50","241,00","234,78","45,62M","-1,86%"
"21.11.2024","240,47","237,15","240,94","234,00","75,14M","1,44%"
"20.11.2024","237,05","241,82","243,59","234,74","70,35M","-1,47%"
"19.11.2024","240,59","249,03","249,83","239,62","75,47M","-3,27%"
"18.11.2024","248,72","249,00","251,94","247,30","51,56M","-1,86%"
"15.11.2024","253,43","249,31","254,43","248,05","44,20M","1,57%"
"14.11.2024","249,52","254,26","255,92","248,60","49,01M","-2,03%"
"13.11.2024","254,70","255,29","258,96","254,05","44,54M","-0,42%"
"12.11.2024","255,77","259,99","260,70","255,27","40,93M","-1,90%"
"11.11.2024","260,73","257,99","261,30","256,49","67,85M","1,86%"
"08.11.2024","255,98","251,50","255,99","250,50","58,09M","2,01%"
"07.11.2024","250,93","243,26","251,00","242,16","44,43M","3,01%"
"06.11.2024","243,60","247,00","248,56","242,05","78,97M","1,83%"
"05.11.2024","239,23","239,60","241,20","238,07","28,17M","0,11%"
"02.11.2024","238,97","237,90","240,00","237,71","14,90M","0,39%"
"01.11.2024","238,03","237,90","239,10","234,57","48,37M","0,05%"
"31.10.2024","237,90","241,40","242,80","236,23","57,27M","-1,47%"
"30.10.2024","241,45","242,70","246,22","241,11","39,83M","-0,50%"
"29.10.2024","242,66","243,20","244,60","239,88","47,13M","0,04%"
"28.10.2024","242,56","245,02","249,00","241,61","71,94M","-1,54%"
"25.10.2024","246,35","252,72","255,35","245,70","80,59M","-2,49%"
"24.10.2024","252,64","252,01","254,27","250,25","28,76M","0,25%"
"23.10.2024","252,01","255,10","255,90","251,34","30,42M","-1,34%"
"22.10.2024","255,42","258,10","258,80","255,25","17,06M","-1,08%"
"21.10.2024","258,21","257,30","259,85","256,78","21,47M","0,40%"
"18.10.2024","257,19","256,21","258,90","254,41","30,02M","0,24%"
"17.10.2024","256,57","259,50","260,45","256,03","24,66M","-1,13%"
"16.10.2024","259,50","262,05","264,72","258,45","40,21M","-0,97%"
"15.10.2024","262,03","260,94","263,70","259,84","26,25M","0,29%"
"14.10.2024","261,28","256,15","263,91","254,10","64,21M","1,69%"
"11.10.2024","256,94","259,80","260,07","256,80","24,85M","-1,17%"
"10.10.2024","259,98","260,88","261,64","258,91","17,68M","-0,34%"
"09.10.2024","260,86","262,42","263,80","259,59","25,02M","-0,59%"
"08.10.2024","262,40","263,00","263,80","261,89","16,16M","-0,38%"
"07.10.2024","263,39","264,25","267,00","261,37","28,94M","-0,27%"
"04.10.2024","264,09","264,96","265,44","262,11","25,99M","-0,06%"
"03.10.2024","264,25","259,31","264,49","257,20","56,53M","1,91%"
"02.10.2024","259,31","266,01","268,00","258,52","46,52M","-2,62%"
"01.10.2024","266,29","267,60","268,68","264,00","52,13M","-0,82%"
"30.09.2024","268,49","269,26","272,33","268,14","42,52M","0,16%"
"27.09.2024","268,07","268,90","269,70","267,17","18,89M","0,07%"
"26.09.2024","267,88","267,54","269,76","265,41","31,89M","0,03%"
"25.09.2024","267,80","272,92","273,80","267,30","43,80M","-1,88%"
"24.09.2024","272,92","273,90","273,94","270,50","36,98M","-0,09%"
"23.09.2024","273,17","269,30","273,80","269,30","49,40M","1,52%"
"20.09.2024","269,08","264,52","269,21","264,50","38,77M","1,73%"
"19.09.2024","264,50","263,94","266,19","262,32","35,68M","0,42%"
"18.09.2024","263,40","265,73","267,99","263,15","43,38M","-0,97%"
"17.09.2024","265,99","264,12","267,00","260,55","57,57M","0,83%"
"16.09.2024","263,79","259,64","264,37","257,80","52,64M","2,15%"
"13.09.2024","258,25","255,19","259,92","248,75","111,18M","1,30%"
"12.09.2024","254,93","257,80","258,68","252,85","46,36M","-1,27%"
"11.09.2024","258,20","260,31","262,00","257,50","38,29M","-1,18%"
"10.09.2024","261,29","264,61","264,61","258,70","57,94M","-0,77%"
"09.09.2024","263,31","256,32","263,45","255,30","66,13M","3,40%"
"06.09.2024","254,66","253,01","255,35","250,33","41,34M","0,76%"
"05.09.2024","252,75","255,00","258,16","251,31","78,62M","-0,10%"
"04.09.2024","253,00","244,51","253,45","242,80","70,65M","3,67%"
"03.09.2024","244,05","244,40","250,00","240,02","105,67M","-0,11%"
"02.09.2024","244,31","254,03","254,03","242,68","97,66M","-3,99%"
"30.08.2024","254,45","260,50","261,53","254,01","46,12M","-2,25%"
"29.08.2024","260,31","262,58","264,07","258,44","34,80M","-0,80%"
"28.08.2024","262,42","259,90","262,42","256,10","47,87M","0,78%"
"27.08.2024","260,40","265,83","265,95","259,84","32,35M","-1,84%"
"26.08.2024","265,29","263,55","266,94","261,55","49,97M","2,20%"
"23.08.2024","259,57","261,61","262,13","256,66","76,72M","-0,84%"
"22.08.2024","261,78","266,93","268,41","260,29","47,91M","-1,93%"
"21.08.2024","266,93","266,20","267,78","263,93","37,13M","0,26%"
"20.08.2024","266,25","266,20","269,49","263,44","54,28M","-0,70%"
"19.08.2024","268,13","268,35","275,53","265,13","68,63M","-2,36%"
"16.08.2024","274,61","278,05","278,95","274,33","26,20M","-1,06%"
"15.08.2024","277,54","280,50","280,81","276,75","28,67M","-1,02%"
"14.08.2024","280,39","284,30","284,67","280,26","21,76M","-1,24%"
"13.08.2024","283,91","281,05","284,29","280,45","24,06M","1,11%"
"12.08.2024","280,79","280,01","281,37","278,06","27,77M","-0,22%"
"09.08.2024","281,42","281,00","282,58","279,74","22,30M","0,12%"
"08.08.2024","281,08","283,40","285,35","280,00","42,43M","-0,34%"
"07.08.2024","282,05","280,00","283,00","277,21","48,49M","0,93%"
"06.08.2024","279,44","277,01","281,05","276,37","43,60M","1,43%"
"05.08.2024","275,49","282,79","283,36","275,24","82,14M","-3,69%"
"02.08.2024","286,05","287,21","287,94","284,38","30,09M","-0,40%"
"01.08.2024","287,21","289,87","290,69","287,07","18,65M","-0,72%"
"31.07.2024","289,30","289,87","291,00","288,17","25,97M","-0,24%"
"30.07.2024","290,00","286,50","291,99","284,66","42,57M","1,25%"
"29.07.2024","286,43","293,00","292,26","286,00","52,45M","-2,31%"
"26.07.2024","293,20","293,00","300,00","292,67","84,91M","-1,09%"
"25.07.2024","296,44","295,69","297,30","294,20","22,87M","0,30%"
"24.07.2024","295,56","294,39","296,65","293,25","24,57M","0,40%"
"23.07.2024","294,39","295,47","295,44","293,40","22,19M","-0,11%"
"22.07.2024","294,72","295,47","294,95","291,00","33,39M","1,65%"
"19.07.2024","289,93","290,67","292,55","289,21","31,02M","0,07%"
"18.07.2024","289,74","290,67","289,99","282,87","34,09M","1,77%"
"17.07.2024","284,69","285,84","289,94","283,30","42,82M","-0,20%"
"16.07.2024","285,25","285,84","285,65","276,72","82,87M","0,31%"
"15.07.2024","284,37","293,00","293,83","283,60","58,74M","-2,76%"
"12.07.2024","292,45","296,00","297,19","290,97","50,00M","-1,16%"
"11.07.2024","295,87","296,00","296,97","285,31","168,03M","-6,60%"
"10.07.2024","316,77","289,96","320,17","314,30","88,51M","-1,01%"
"09.07.2024","320,00","319,00","325,30","317,57","54,20M","-1,26%"
"08.07.2024","324,07","325,76","327,34","323,74","27,76M","-0,32%"
"05.07.2024","325,11","325,76","326,87","321,19","40,43M","0,14%"
"04.07.2024","324,66","328,39","329,48","323,85","40,77M","-1,08%"
"03.07.2024","328,20","328,39","330,43","327,52","32,16M","-0,05%"
"02.07.2024","328,35","327,35","328,86","326,90","21,16M","0,38%"
"01.07.2024","327,10","327,64","329,00","326,25","31,71M","-0,02%"
"28.06.2024","327,15","327,87","329,28","325,85","40,45M","0,01%"
"27.06.2024","327,12","324,80","327,83","322,70","46,77M","0,79%"
"26.06.2024","324,55","320,10","324,56","319,80","","0,02%"
"26.06.2024","324,50","320,10","324,50","320,67","","1,47%"
"25.06.2024","319,80","317,50","319,89","316,28","","0,80%"
"24.06.2024","317,25","314,70","319,00","314,14","","0,15%"
"24.06.2024","316,77","314,70","317,19","316,24","","0,84%"
"21.06.2024","314,14","315,00","316,00","312,60","","0,00%"
"20.06.2024","314,15","310,70","314,72","306,02","","0,04%"
"20.06.2024","314,03","310,70","314,72","306,02","70,88M","1,07%"
"19.06.2024","310,70","314,38","314,78","307,51","","0,00%"
"19.06.2024","310,70","314,38","314,78","307,51","42,18M","-1,16%"
"18.06.2024","314,34","317,65","318,00","313,02","","0,00%"
"18.06.2024","314,34","317,65","318,00","313,02","22,02M","-1,04%"
"17.06.2024","317,65","320,00","320,45","316,85","","0,00%"
"17.06.2024","317,65","320,00","320,45","316,85","15,48M","-0,53%"
"14.06.2024","319,35","317,80","320,70","316,20","","0,00%"
"14.06.2024","319,35","317,80","320,69","316,45","21,49M","0,52%"
"13.06.2024","317,71","305,70","317,82","304,14","","0,00%"
"13.06.2024","317,71","305,70","317,82","305,06","41,28M","-0,03%"
"11.06.2024","317,80","317,50","319,84","315,88","","0,00%"
"11.06.2024","317,80","317,50","319,82","315,89","20,06M","0,16%"
"10.06.2024","317,28","320,80","321,98","315,21","","0,00%"
"10.06.2024","317,28","320,80","321,76","315,46","26,34M","-0,82%"
"07.06.2024","319,90","313,80","320,64","312,73","44,48M","2,18%"
"06.06.2024","313,08","314,70","316,44","311,15","28,33M","-0,52%"
"05.06.2024","314,72","316,63","318,25","313,90","27,79M","-0,56%"
"04.06.2024","316,49","310,98","316,50","308,81","33,07M","1,78%"
"03.06.2024","310,95","313,50","315,35","305,01","61,86M","-0,69%"
"31.05.2024","313,11","316,00","318,44","309,84","49,21M","-1,11%"
"30.05.2024","316,63","320,91","321,54","316,00","27,01M","-1,17%"
"29.05.2024","320,38","318,25","320,40","315,94","22,99M","0,68%"
"28.05.2024","318,22","317,50","320,90","315,89","30,19M","0,36%"
"27.05.2024","317,09","321,01","321,94","315,50","45,71M","-1,22%"
"24.05.2024","321,00","323,83","324,48","319,98","26,59M","-0,79%"
"23.05.2024","323,54","322,80","324,00","321,40","17,87M","0,19%"
"22.05.2024","322,93","320,80","323,10","320,98","18,65M","0,71%"
"21.05.2024","320,64","320,88","322,22","318,00","34,02M","-0,14%"
"20.05.2024","321,08","324,00","324,84","319,04","36,74M","-0,64%"
"17.05.2024","323,16","322,96","323,50","320,02","24,40M","0,08%"
"16.05.2024","322,91","320,00","322,91","320,00","27,85M","1,00%"
"15.05.2024","319,70","318,20","320,15","317,80","28,35M","0,50%"
"14.05.2024","318,12","315,00","318,38","313,61","35,25M","1,04%"
"13.05.2024","314,85","314,10","315,69","314,18","21,71M","0,43%"
"10.05.2024","313,49","311,50","313,50","311,36","16,72M","0,73%"
"08.05.2024","311,21","308,41","311,83","308,08","33,88M","0,97%"
"07.05.2024","308,22","306,23","308,79","306,21","16,62M","0,72%"
"06.05.2024","306,01","308,10","308,09","305,57","19,20M","-0,49%"
"03.05.2024","307,53","307,11","308,22","304,43","30,47M","0,05%"
"02.05.2024","307,37","308,70","309,13","306,80","16,26M","-0,28%"
"30.04.2024","308,24","309,19","309,49","308,03","5,98M","-0,24%"
"29.04.2024","308,97","309,14","309,60","307,65","10,03M","0,00%"
"27.04.2024","308,98","309,25","309,99","308,70","13,11M","-0,01%"
"26.04.2024","309,00","308,50","309,90","308,00","21,15M","0,19%"
"25.04.2024","308,41","307,95","309,07","307,45","15,95M","0,15%"
"24.04.2024","307,94","307,50","309,79","306,65","26,56M","0,18%"
"23.04.2024","307,39","315,39","315,79","306,26","92,86M","-2,41%"
"22.04.2024","314,99","308,00","315,00","307,38","69,01M","2,48%"
"19.04.2024","307,38","308,00","308,36","306,80","14,58M","-0,20%"
"18.04.2024","307,99","306,01","308,29","305,12","20,39M","0,46%"
"17.04.2024","306,59","308,65","309,72","305,91","28,23M","-0,55%"
"16.04.2024","308,29","308,00","308,60","307,00","17,14M","0,10%"
"15.04.2024","307,99","307,47","308,39","306,64","20,75M","0,29%"
"12.04.2024","307,10","307,40","307,85","306,33","16,03M","0,05%"
"11.04.2024","306,95","306,70","308,00","305,70","20,53M","0,15%"
"10.04.2024","306,48","306,76","307,14","304,62","20,68M","-0,09%"
"09.04.2024","306,76","308,10","309,32","305,51","32,04M","-0,32%"
"08.04.2024","307,75","306,50","308,59","306,30","24,90M","0,54%"
"05.04.2024","306,10","304,62","306,50","303,70","19,36M","0,49%"
"04.04.2024","304,61","306,80","307,75","304,40","29,07M","-0,69%"
"03.04.2024","306,72","300,40","307,10","300,21","58,23M","2,11%"
"02.04.2024","300,38","300,43","300,99","298,95","19,98M","-0,02%"
"01.04.2024","300,43","300,00","301,60","299,53","28,66M","0,57%"
"29.03.2024","298,72","299,38","299,49","298,00","17,71M","-0,09%"
"28.03.2024","299,00","295,50","299,29","295,50","33,68M","1,32%"
"27.03.2024","295,10","294,47","295,11","293,47","14,56M","0,34%"
"26.03.2024","294,11","294,50","295,77","293,09","16,30M","0,07%"
"25.03.2024","293,90","294,00","294,93","292,13","25,57M","0,31%"
"22.03.2024","292,99","295,77","296,78","291,06","48,98M","-0,89%"
"21.03.2024","295,62","295,99","297,30","291,85","70,68M","0,07%"
"20.03.2024","295,40","295,30","296,85","293,53","30,70M","0,07%"
"19.03.2024","295,20","298,30","299,40","294,21","59,71M","-1,23%"
"18.03.2024","298,87","299,40","299,98","297,63","20,28M","0,19%"
"15.03.2024","298,30","295,71","299,44","295,29","26,04M","0,83%"
"14.03.2024","295,83","298,50","298,70","295,14","42,21M","-1,01%"
"13.03.2024","298,85","301,20","301,49","298,70","24,01M","-0,68%"
"12.03.2024","300,90","299,60","301,07","297,34","28,74M","0,37%"
"11.03.2024","299,79","301,00","302,95","298,50","41,78M","-0,20%"
"07.03.2024","300,40","297,72","300,58","297,24","21,98M","0,90%"
"06.03.2024","297,71","298,20","299,33","296,82","17,76M","-0,23%"
"05.03.2024","298,40","299,33","300,41","297,57","41,76M","-0,26%"
"04.03.2024","299,17","295,87","299,50","295,80","40,61M","1,28%"
"01.03.2024","295,38","292,20","295,88","292,20","27,13M","1,09%"
"29.02.2024","292,19","292,31","293,20","291,30","22,44M","0,15%"
"28.02.2024","291,75","292,60","293,95","289,75","49,33M","-0,26%"
"27.02.2024","292,52","291,35","293,00","290,55","32,50M","0,44%"
"26.02.2024","291,25","288,52","291,30","287,00","42,97M","2,28%"
"22.02.2024","284,77","282,10","285,05","282,10","25,18M","0,98%"
"21.02.2024","282,00","283,90","285,28","280,20","48,92M","-0,67%"
"20.02.2024","283,90","289,20","289,28","283,29","44,97M","-1,74%"
"19.02.2024","288,93","288,51","289,98","287,07","24,33M","0,21%"
"16.02.2024","288,33","290,47","292,30","286,25","53,45M","-0,66%"
"15.02.2024","290,24","289,30","290,45","287,63","25,91M","0,41%"
"14.02.2024","289,06","287,07","290,60","286,84","35,87M","0,69%"
"13.02.2024","287,07","287,52","289,00","285,40","33,31M","-0,07%"
"12.02.2024","287,28","283,66","287,84","283,50","33,89M","1,33%"
"09.02.2024","283,50","282,17","284,00","281,50","24,38M","0,47%"
"08.02.2024","282,17","284,52","286,24","281,25","44,13M","-0,79%"
"07.02.2024","284,41","278,82","284,50","278,81","45,37M","2,06%"
"06.02.2024","278,67","278,00","278,99","277,30","15,96M","0,30%"
"05.02.2024","277,84","277,00","278,57","276,90","16,06M","0,40%"
"02.02.2024","276,74","277,00","277,30","276,00","12,72M","-0,04%"
"01.02.2024","276,86","276,03","277,75","275,93","15,98M","0,31%"
"31.01.2024","276,00","275,84","276,45","275,00","12,54M","0,12%"
"30.01.2024","275,67","274,01","277,25","273,97","27,24M","0,59%"
"29.01.2024","274,05","273,02","274,95","272,70","17,10M","0,51%"
"26.01.2024","272,65","273,10","273,72","272,21","11,13M","-0,06%"
"25.01.2024","272,81","274,00","274,18","271,55","24,44M","-0,35%"
"24.01.2024","273,77","275,90","276,44","273,70","20,20M","-0,77%"
"23.01.2024","275,90","274,70","277,26","274,31","20,09M","0,35%"
"22.01.2024","274,93","274,86","275,90","273,85","15,09M","0,03%"
"19.01.2024","274,86","277,39","277,47","273,55","28,05M","-0,80%"
"18.01.2024","277,07","278,24","278,87","276,76","17,70M","-0,33%"
"17.01.2024","278,00","276,02","279,17","275,75","34,26M","0,72%"
"16.01.2024","276,01","276,22","276,45","274,10","16,11M","0,02%"
"15.01.2024","275,96","276,45","277,73","275,21","21,40M","0,04%"
"12.01.2024","275,84","276,00","276,96","274,77","17,70M","0,05%"
"11.01.2024","275,71","274,78","275,97","274,01","19,53M","0,44%"
"10.01.2024","274,49","275,30","276,16","273,64","20,66M","-0,29%"
"09.01.2024","275,28","276,97","278,00","274,71","20,32M","-0,53%"
"08.01.2024","276,76","273,60","277,00","273,53","21,49M","1,15%"
"05.01.2024","273,62","274,30","274,69","272,80","9,64M","-0,18%"
"04.01.2024","274,12","274,67","275,48","273,70","11,73M","-0,16%"
"03.01.2024","274,56","271,90","274,70","271,00","20,59M","1,38%"
"29.12.2023","270,82","272,19","272,59","270,55","20,81M","-0,34%"
"28.12.2023","271,74","270,92","272,48","268,52","29,44M","0,24%"
"27.12.2023","271,08","271,90","272,59","270,85","17,21M","-0,30%"
"26.12.2023","271,90","271,00","272,89","270,00","22,66M","0,30%"
"25.12.2023","271,08","271,72","273,85","270,05","38,12M","-0,08%"
"22.12.2023","271,30","266,06","271,90","265,37","58,72M","2,30%"
"21.12.2023","265,19","266,40","266,87","263,50","33,30M","-0,53%"
"20.12.2023","266,61","267,51","269,10","266,20","31,09M","-0,28%"
"19.12.2023","267,35","268,38","269,71","265,00","38,29M","-0,39%"
"18.12.2023","268,40","268,93","270,44","266,54","51,60M","0,07%"
"15.12.2023","268,21","256,60","268,91","256,60","84,67M","4,51%"
"14.12.2023","256,64","261,40","262,75","255,58","40,55M","-1,46%"
"13.12.2023","260,45","257,60","261,39","256,50","29,84M","1,11%"
"12.12.2023","257,60","256,79","262,88","255,05","63,93M","0,28%"
"11.12.2023","256,89","265,17","266,47","254,81","77,67M","-3,12%"
"08.12.2023","265,16","266,00","268,23","263,72","35,36M","0,02%"
"07.12.2023","265,12","267,62","270,44","263,06","63,56M","-0,92%"
"06.12.2023","267,58","279,92","280,79","266,83","100,02M","-4,31%"
"05.12.2023","279,62","271,98","279,65","270,54","46,89M","3,20%"
"04.12.2023","270,96","273,60","274,95","270,52","37,70M","-1,10%"
"01.12.2023","273,97","277,00","277,98","273,55","31,66M","-1,27%"
"30.11.2023","277,50","276,70","278,65","272,75","55,87M","0,25%"
"29.11.2023","276,80","279,36","280,56","276,20","29,82M","-1,11%"
"28.11.2023","279,91","282,40","282,51","277,32","45,51M","-0,86%"
"27.11.2023","282,33","287,40","289,00","278,88","79,15M","-1,58%"
"24.11.2023","286,85","286,49","287,50","285,11","26,07M","0,23%"
"23.11.2023","286,19","286,16","287,77","285,04","27,72M","0,01%"
"22.11.2023","286,16","283,12","286,67","282,85","47,30M","1,19%"
"21.11.2023","282,79","282,30","283,82","281,66","19,10M","-0,04%"
"20.11.2023","282,91","281,96","284,20","281,61","25,29M","0,47%"
"17.11.2023","281,60","279,70","282,50","278,66","31,32M","0,68%"
"16.11.2023","279,70","282,40","283,69","279,56","24,70M","-1,13%"
"15.11.2023","282,89","280,87","283,93","278,51","41,84M","0,72%"
"14.11.2023","280,87","283,70","283,88","280,54","40,48M","-1,09%"
"13.11.2023","283,97","280,40","284,80","280,32","45,89M","1,35%"
"10.11.2023","280,19","276,99","281,30","276,60","44,64M","1,28%"
"09.11.2023","276,65","278,60","278,85","276,02","28,43M","-0,54%"
"08.11.2023","278,15","273,64","278,35","273,28","58,03M","1,77%"
"07.11.2023","273,31","273,01","274,78","272,20","32,28M","-0,04%"
"06.11.2023","273,42","269,00","273,87","268,62","29,27M","1,82%"
"03.11.2023","268,54","269,07","269,78","267,20","20,98M","-0,19%"
"02.11.2023","269,06","270,00","270,98","268,50","25,75M","-0,23%"
"01.11.2023","269,68","268,29","270,30","267,60","20,61M","0,50%"
"31.10.2023","268,35","270,00","270,50","266,87","26,21M","-0,57%"
"30.10.2023","269,89","269,90","271,55","268,60","33,35M","0,07%"
"27.10.2023","269,70","269,93","271,98","266,80","49,78M","-0,07%"
"26.10.2023","269,90","274,11","276,00","269,12","59,50M","-1,40%"
"25.10.2023","273,73","271,50","274,96","270,53","41,83M","0,91%"
"24.10.2023","271,27","270,00","272,06","268,62","28,03M","0,43%"
"23.10.2023","270,10","270,45","274,10","269,65","62,43M","0,11%"
"20.10.2023","269,80","268,50","270,30","266,50","32,88M","0,43%"
"19.10.2023","268,65","267,13","271,00","266,28","33,53M","0,28%"
"18.10.2023","267,90","270,00","271,19","266,11","40,38M","-0,78%"
"17.10.2023","270,00","268,30","271,97","266,91","51,21M","0,69%"
"16.10.2023","268,15","264,00","269,20","263,51","53,72M","1,76%"
"13.10.2023","263,51","264,89","265,04","262,70","18,41M","-0,37%"
"12.10.2023","264,50","260,00","264,50","259,66","27,55M","1,65%"
"11.10.2023","260,21","263,30","263,99","259,50","29,50M","-1,06%"
"10.10.2023","263,00","264,89","265,18","257,00","34,00M","-0,85%"
"09.10.2023","265,25","263,00","265,97","263,00","45,45M","0,88%"
"06.10.2023","262,93","259,77","263,40","257,86","32,00M","1,37%"
"05.10.2023","259,38","260,70","261,39","258,26","23,50M","-0,06%"
"04.10.2023","259,53","259,00","260,39","258,24","18,57M","-0,05%"
"03.10.2023","259,65","258,99","260,50","257,23","23,91M","0,26%"
"02.10.2023","258,98","261,37","261,92","257,03","35,57M","-0,67%"
"29.09.2023","260,72","258,00","262,59","256,71","68,53M","1,18%"
"28.09.2023","257,67","256,40","258,25","255,50","26,33M","0,61%"
"27.09.2023","256,10","256,20","257,85","254,63","27,88M","0,09%"
"26.09.2023","255,87","252,13","257,17","250,90","42,96M","1,27%"
"25.09.2023","252,65","252,00","253,49","249,83","31,86M","0,26%"
"22.09.2023","251,99","249,85","253,10","248,62","40,71M","0,73%"
"21.09.2023","250,16","252,87","254,20","249,81","58,91M","-1,42%"
"20.09.2023","253,77","252,80","255,47","249,82","66,83M","0,42%"
"19.09.2023","252,72","258,99","259,32","251,50","89,55M","-2,45%"
"18.09.2023","259,07","262,02","263,00","258,76","29,04M","-0,67%"
"15.09.2023","260,83","259,65","262,74","258,56","35,58M","0,32%"
"14.09.2023","260,00","258,90","261,38","255,02","46,23M","0,70%"
"13.09.2023","258,18","262,40","262,77","257,59","30,05M","-1,61%"
"12.09.2023","262,40","257,70","262,40","257,09","45,16M","2,40%"
"11.09.2023","256,25","257,00","258,37","255,16","43,28M","0,22%"
"08.09.2023","255,68","258,08","259,33","253,10","49,56M","-1,20%"
"07.09.2023","258,79","263,69","264,97","256,10","67,69M","-1,79%"
"06.09.2023","263,50","264,33","264,68","262,31","28,34M","-0,47%"
"05.09.2023","264,75","266,74","267,98","261,09","39,81M","-0,99%"
"04.09.2023","267,39","266,50","269,11","266,00","48,14M","0,90%"
"01.09.2023","265,00","265,40","265,62","264,06","19,27M","0,06%"
"31.08.2023","264,85","265,04","266,25","264,30","22,58M","0,06%"
"30.08.2023","264,70","265,68","267,36","263,10","38,60M","-0,37%"
"29.08.2023","265,68","266,70","267,56","265,14","35,41M","-0,47%"
"28.08.2023","266,93","261,32","267,83","260,81","57,90M","2,47%"
"25.08.2023","260,50","258,80","261,60","257,61","28,58M","0,34%"
"24.08.2023","259,63","257,63","259,94","256,40","26,98M","1,26%"
"23.08.2023","256,40","261,50","261,83","256,00","53,12M","-1,93%"
"22.08.2023","261,45","261,92","262,11","259,81","25,95M","0,11%"
"21.08.2023","261,15","262,44","263,06","259,51","35,77M","0,00%"
"18.08.2023","261,14","258,40","261,37","257,35","31,06M","1,02%"
"17.08.2023","258,50","257,15","258,80","255,50","35,94M","0,97%"
"16.08.2023","256,02","261,29","261,68","254,33","71,82M","-1,69%"
"15.08.2023","260,42","259,00","264,17","256,63","59,23M","-0,01%"
"14.08.2023","260,45","267,37","268,77","259,15","86,72M","-2,17%"
"11.08.2023","266,23","267,26","267,40","264,80","24,85M","-0,25%"
"10.08.2023","266,91","264,73","267,50","263,96","37,29M","1,14%"
"09.08.2023","263,91","265,47","265,80","263,05","34,99M","-0,27%"
"08.08.2023","264,62","261,92","265,44","258,80","65,11M","1,03%"
"07.08.2023","261,92","266,54","268,09","260,50","61,53M","-0,83%"
"04.08.2023","264,12","269,48","272,96","261,21","132,21M","-1,85%"
"03.08.2023","269,11","269,00","271,35","266,80","75,76M","0,20%"
"02.08.2023","268,57","268,50","269,97","266,52","48,42M","0,03%"
"01.08.2023","268,50","269,00","273,35","264,10","162,99M","0,41%"
"31.07.2023","267,40","251,33","267,77","251,33","167,91M","7,28%"
"28.07.2023","249,25","248,00","249,45","246,67","35,78M","0,52%"
"27.07.2023","247,95","247,50","249,30","247,24","39,79M","0,36%"
"26.07.2023","247,05","247,20","248,33","245,90","26,12M","-0,06%"
"25.07.2023","247,20","245,48","247,77","244,81","39,73M","0,95%"
"24.07.2023","244,87","244,00","245,85","243,52","19,77M","0,30%"
"21.07.2023","244,13","243,18","244,53","241,70","32,27M","0,59%"
"20.07.2023","242,70","246,27","246,27","242,15","36,03M","-1,28%"
"19.07.2023","245,85","247,25","248,10","245,00","31,45M","-0,37%"
"18.07.2023","246,77","245,80","247,50","245,26","36,01M","0,56%"
"17.07.2023","245,39","244,77","246,20","243,60","36,19M","-0,43%"
"14.07.2023","246,45","246,32","247,05","244,51","25,66M","0,11%"
"13.07.2023","246,19","247,97","248,15","245,34","29,56M","-0,54%"
"12.07.2023","247,52","248,40","249,20","246,10","39,32M","-0,19%"
"11.07.2023","247,99","250,01","250,20","246,51","49,59M","-0,57%"
"10.07.2023","249,40","244,21","249,45","244,20","65,08M","2,35%"
"07.07.2023","243,67","241,49","243,75","240,70","30,28M","1,12%"
"06.07.2023","240,96","241,47","242,47","240,71","23,26M","0,00%"
"05.07.2023","240,95","241,49","241,90","240,24","19,97M","0,10%"
"04.07.2023","240,70","243,40","243,78","240,61","41,56M","-1,08%"
"03.07.2023","243,33","240,00","244,56","239,15","47,33M","1,55%"
"30.06.2023","239,61","240,00","240,68","238,36","24,05M","-0,16%"
"29.06.2023","239,99","239,94","241,26","239,02","28,19M","0,13%"
"28.06.2023","239,67","241,80","241,80","238,60","28,31M","-0,64%"
"27.06.2023","241,21","239,02","242,34","236,80","51,47M","1,18%"
"26.06.2023","238,40","239,60","240,50","233,40","82,02M","1,16%"
"23.06.2023","235,67","239,98","240,99","234,34","61,89M","-2,07%"
"22.06.2023","240,66","242,15","242,80","240,13","23,14M","-0,64%"
"21.06.2023","242,20","241,90","243,92","240,60","26,83M","0,19%"
"20.06.2023","241,74","241,99","242,22","238,82","36,62M","-0,22%"
"19.06.2023","242,28","244,47","244,69","241,32","29,84M","-0,65%"
"16.06.2023","243,87","245,50","245,90","243,70","23,44M","-0,53%"
"15.06.2023","245,18","245,11","245,94","243,22","40,06M","0,24%"
"14.06.2023","244,60","245,70","247,68","242,80","52,21M","0,11%"
"13.06.2023","244,33","241,51","244,50","240,63","40,55M","1,63%"
"09.06.2023","240,40","242,80","243,00","240,11","27,57M","-0,57%"
"08.06.2023","241,77","241,30","242,78","239,55","29,95M","0,22%"
"07.06.2023","241,25","241,20","244,39","238,56","63,13M","0,14%"
"06.06.2023","240,91","235,92","242,10","232,54","100,64M","1,60%"
"05.06.2023","237,12","243,51","244,15","235,10","78,74M","-2,80%"
"02.06.2023","243,95","242,00","245,50","240,77","46,54M","0,95%"
"01.06.2023","241,66","247,00","247,00","240,57","52,05M","-1,83%"
"31.05.2023","246,17","244,00","247,18","240,27","72,91M","0,62%"
"30.05.2023","244,65","248,84","250,85","243,80","83,53M","-2,60%"
"29.05.2023","251,18","249,78","252,59","248,85","68,00M","1,24%"
"26.05.2023","248,10","243,45","249,64","242,81","69,20M","1,78%"
"25.05.2023","243,76","246,10","247,40","242,65","70,88M","-0,93%"
"24.05.2023","246,06","237,49","246,13","236,26","86,01M","4,07%"
"23.05.2023","236,43","231,25","237,29","230,21","63,01M","2,35%"
"22.05.2023","231,00","232,20","232,78","230,00","26,49M","-0,12%"
"19.05.2023","231,27","230,99","232,30","229,81","31,64M","-0,19%"
"18.05.2023","231,70","231,70","234,49","230,72","56,23M","0,50%"
"17.05.2023","230,55","229,86","230,97","228,75","31,77M","-0,03%"
"16.05.2023","230,62","232,40","232,86","229,57","36,61M","-0,47%"
"15.05.2023","231,70","230,51","231,75","228,52","49,09M","1,05%"
"12.05.2023","229,29","231,00","232,47","226,15","70,53M","-0,01%"
"11.05.2023","229,32","228,87","235,38","223,94","197,30M","1,00%"
"10.05.2023","227,06","216,50","227,50","215,70","156,87M","-4,70%"
"08.05.2023","238,27","238,69","239,86","237,36","47,87M","0,24%"
"05.05.2023","237,70","239,24","240,66","237,30","61,37M","-0,50%"
"04.05.2023","238,89","236,89","239,74","236,05","53,08M","1,32%"
"03.05.2023","235,77","242,85","242,99","234,00","76,83M","-2,82%"
"02.05.2023","242,62","242,20","245,00","237,40","83,96M","0,93%"
"28.04.2023","240,38","240,90","241,58","237,66","49,58M","0,00%"
"27.04.2023","240,38","235,59","240,74","235,13","68,31M","2,20%"
"26.04.2023","235,21","235,60","235,95","234,91","24,43M","-0,04%"
"25.04.2023","235,30","235,13","235,82","234,21","32,19M","0,09%"
"24.04.2023","235,10","235,07","236,40","234,10","30,54M","-0,03%"
"21.04.2023","235,17","237,40","238,85","233,52","115,91M","-0,47%"
"20.04.2023","236,28","233,32","236,47","229,84","85,09M","1,43%"
"19.04.2023","232,95","232,67","237,37","231,10","115,71M","0,12%"
"18.04.2023","232,66","227,89","232,76","227,05","97,77M","2,00%"
"17.04.2023","228,10","222,98","228,20","222,91","78,80M","2,81%"
"14.04.2023","221,87","220,00","222,50","218,51","43,32M","0,92%"
"13.04.2023","219,85","219,49","220,89","218,00","32,67M","0,29%"
"12.04.2023","219,22","218,60","219,70","216,67","44,77M","0,28%"
"11.04.2023","218,60","222,90","223,33","217,62","98,54M","-1,62%"
"10.04.2023","222,21","217,10","222,26","216,61","85,20M","2,75%"
"07.04.2023","216,27","214,50","216,39","213,65","29,20M","0,94%"
"06.04.2023","214,25","216,30","217,38","214,07","39,06M","-0,88%"
"05.04.2023","216,15","214,65","216,30","211,40","46,18M","0,61%"
"04.04.2023","214,83","216,20","217,29","213,80","45,80M","-0,58%"
"03.04.2023","216,09","218,45","219,44","214,80","55,18M","-0,24%"
"31.03.2023","216,60","217,20","217,35","211,30","88,08M","-0,12%"
"30.03.2023","216,87","217,30","218,45","216,12","40,89M","-0,51%"
"29.03.2023","217,99","214,85","219,53","213,60","96,68M","1,85%"
"28.03.2023","214,03","212,86","214,70","210,67","73,90M","1,03%"
"27.03.2023","211,84","204,01","213,20","204,01","101,52M","4,06%"
"24.03.2023","203,57","202,86","203,85","202,00","24,33M","0,49%"
"23.03.2023","202,58","202,53","204,20","202,22","26,65M","-0,15%"
"22.03.2023","202,89","203,40","204,40","201,59","57,57M","-0,21%"
"21.03.2023","203,32","204,76","208,00","201,25","122,58M","-0,20%"
"20.03.2023","203,73","196,02","205,09","195,00","156,71M","5,24%"
"17.03.2023","193,59","183,00","193,66","178,56","388,16M","10,34%"
"16.03.2023","175,45","174,94","176,04","173,36","51,53M","0,09%"
"15.03.2023","175,30","176,00","177,37","173,59","79,93M","-0,23%"
"14.03.2023","175,71","171,61","176,95","171,01","89,33M","2,07%"
"13.03.2023","172,15","172,50","173,90","169,26","74,03M","-0,22%"
"10.03.2023","172,53","171,55","173,00","170,58","50,26M","-0,01%"
"09.03.2023","172,55","174,85","174,89","172,21","80,39M","-0,84%"
"07.03.2023","174,01","171,87","174,20","171,00","55,29M","1,26%"
"06.03.2023","171,84","172,14","172,99","171,35","64,59M","0,40%"
"03.03.2023","171,16","168,17","171,26","167,90","49,57M","1,85%"
"02.03.2023","168,05","170,40","170,40","166,55","86,10M","-1,45%"
"01.03.2023","170,53","170,40","171,66","169,50","53,78M","0,42%"
"28.02.2023","169,82","170,50","171,92","168,37","80,75M","-0,08%"
"27.02.2023","169,95","163,52","170,00","162,96","100,13M","3,44%"
"24.02.2023","164,30","163,33","165,50","163,10","37,73M","0,57%"
"22.02.2023","163,37","164,13","164,42","162,50","43,77M","-0,48%"
"21.02.2023","164,15","160,66","165,65","159,26","127,42M","2,54%"
"20.02.2023","160,09","159,41","161,30","156,73","63,97M","0,23%"
"17.02.2023","159,73","158,00","160,38","156,91","52,18M","0,95%"
"16.02.2023","158,22","157,33","159,30","156,25","68,55M","1,26%"
"15.02.2023","156,25","160,94","161,12","153,83","113,80M","-3,47%"
"14.02.2023","161,86","164,30","164,38","161,64","58,83M","-1,50%"
"13.02.2023","164,32","165,20","166,88","164,17","36,21M","-0,72%"
"10.02.2023","165,52","165,00","166,49","164,50","40,92M","0,13%"
"09.02.2023","165,31","164,33","167,47","161,27","107,14M","0,71%"
"08.02.2023","164,15","165,00","166,35","162,70","58,67M","-0,75%"
"07.02.2023","165,39","167,30","168,70","163,40","92,66M","-1,02%"
"06.02.2023","167,09","161,78","167,17","161,01","89,08M","3,62%"
"03.02.2023","161,26","159,10","162,32","157,88","63,74M","1,14%"
"02.02.2023","159,45","158,40","160,29","157,37","53,87M","0,73%"
"01.02.2023","158,29","158,20","159,60","156,50","66,33M","0,14%"
"31.01.2023","158,07","153,51","158,18","153,30","77,89M","3,06%"
"30.01.2023","153,38","153,50","153,88","152,21","31,11M","0,12%"
"27.01.2023","153,20","152,40","153,48","151,69","34,12M","0,52%"
"26.01.2023","152,40","153,32","154,30","151,73","45,51M","-0,27%"
"25.01.2023","152,81","152,45","153,60","151,50","43,38M","0,10%"
"24.01.2023","152,66","153,95","155,58","152,28","78,73M","-0,55%"
"23.01.2023","153,50","151,90","154,10","151,01","55,20M","1,40%"
"20.01.2023","151,38","149,70","151,40","148,64","44,25M","1,37%"
"19.01.2023","149,34","151,20","152,85","148,56","66,81M","-1,41%"
"18.01.2023","151,47","150,40","153,00","149,41","67,51M","0,68%"
"17.01.2023","150,45","154,00","154,31","150,01","84,40M","-2,12%"
"16.01.2023","153,71","152,89","154,00","151,88","51,75M","1,33%"
"13.01.2023","151,69","149,58","153,28","147,71","88,52M","1,60%"
"12.01.2023","149,30","150,02","150,79","148,39","46,79M","-0,44%"
"11.01.2023","149,96","142,97","149,98","142,87","123,15M","5,01%"
"10.01.2023","142,81","142,10","142,85","141,31","23,72M","0,29%"
"09.01.2023","142,40","141,83","142,99","141,65","31,45M","0,71%"
"06.01.2023","141,40","141,39","141,62","140,90","10,66M","0,09%"
"05.01.2023","141,27","141,60","141,84","140,54","17,25M","-0,11%"
"04.01.2023","141,43","141,85","142,28","140,75","17,11M","-0,25%"
"03.01.2023","141,78","141,60","143,25","141,56","21,10M","0,45%"
"30.12.2022","141,15","140,80","141,48","140,13","28,18M","0,13%"
"29.12.2022","140,96","139,50","141,65","139,22","32,06M","1,04%"
"28.12.2022","139,51","139,73","140,40","138,60","28,05M","-0,28%"
"27.12.2022","139,90","141,31","142,00","139,60","41,65M","-0,74%"
"26.12.2022","140,95","138,33","141,00","138,00","49,38M","2,18%"
"23.12.2022","137,94","137,49","138,26","136,81","22,91M","0,18%"
"22.12.2022","137,69","137,99","138,97","137,00","30,56M","-0,04%"
"21.12.2022","137,75","138,70","139,12","135,81","45,54M","-0,38%"
"20.12.2022","138,28","134,51","138,40","134,41","45,02M","2,70%"
"19.12.2022","134,64","135,13","136,73","132,86","58,83M","-0,60%"
"16.12.2022","135,45","134,50","136,09","134,13","32,80M","0,67%"
"15.12.2022","134,55","136,99","137,08","134,30","54,79M","-2,00%"
"14.12.2022","137,30","138,28","138,28","136,60","34,07M","-0,60%"
"13.12.2022","138,13","139,67","139,93","136,67","52,20M","-0,97%"
"12.12.2022","139,48","140,19","140,87","138,70","33,48M","-0,39%"
"09.12.2022","140,03","139,70","140,70","139,24","29,44M","0,08%"
"08.12.2022","139,92","143,50","143,60","139,80","64,06M","-1,69%"
"07.12.2022","142,32","140,50","142,81","138,36","69,89M","1,22%"
"06.12.2022","140,61","142,20","143,37","139,11","51,82M","-0,98%"
"05.12.2022","142,00","136,66","142,68","136,25","103,93M","3,91%"
"02.12.2022","136,66","136,99","137,10","136,17","19,26M","-0,36%"
"01.12.2022","137,15","137,10","137,95","136,31","33,06M","0,27%"
"30.11.2022","136,78","136,50","136,78","135,23","26,82M","0,30%"
"29.11.2022","136,37","136,29","137,20","135,88","31,65M","0,62%"
"28.11.2022","135,53","135,02","136,20","134,10","45,28M","-0,73%"
"25.11.2022","136,53","137,20","137,24","135,41","29,62M","-0,06%"
"24.11.2022","136,61","137,00","138,41","136,12","42,39M","0,01%"
"23.11.2022","136,59","135,70","137,55","134,50","52,30M","0,69%"
"22.11.2022","135,65","134,55","136,00","133,81","45,82M","0,89%"
"21.11.2022","134,46","136,01","136,30","132,51","83,60M","-1,78%"
"18.11.2022","136,89","137,08","137,81","135,84","44,08M","-0,49%"
"17.11.2022","137,57","139,09","140,35","136,60","59,16M","-1,16%"
"16.11.2022","139,18","136,99","139,73","136,32","67,09M","2,59%"
"15.11.2022","135,66","140,49","141,00","130,86","145,54M","-2,96%"
"14.11.2022","139,80","137,50","140,70","135,83","82,52M","2,06%"
"11.11.2022","136,98","137,90","138,42","135,13","75,71M","0,22%"
"10.11.2022","136,68","131,00","136,69","129,77","171,75M","7,37%"
"09.11.2022","127,30","131,06","131,47","126,42","64,96M","-3,04%"
"08.11.2022","131,29","132,00","133,11","130,10","69,56M","-0,54%"
"07.11.2022","132,00","127,09","132,00","126,50","91,71M","4,97%"
"03.11.2022","125,75","125,40","126,10","123,91","47,72M","0,21%"
"02.11.2022","125,49","127,06","127,74","123,75","40,22M","-1,23%"
"01.11.2022","127,05","127,20","127,97","126,12","36,82M","0,26%"
"31.10.2022","126,72","127,20","128,60","125,41","60,76M","-0,20%"
"28.10.2022","126,97","126,14","127,25","124,60","73,66M","0,28%"
"27.10.2022","126,61","124,75","127,50","123,68","87,92M","1,75%"
"26.10.2022","124,43","124,70","126,88","122,10","108,50M","0,06%"
"25.10.2022","124,36","118,84","125,20","118,30","114,16M","4,68%"
"24.10.2022","118,80","120,15","121,68","117,65","74,54M","-0,54%"
"21.10.2022","119,45","116,93","119,94","114,37","102,38M","2,11%"
"20.10.2022","116,98","112,75","117,20","112,37","100,72M","4,08%"
"19.10.2022","112,39","110,12","112,93","109,30","90,69M","1,36%"
"18.10.2022","110,88","113,05","114,37","110,48","101,85M","-1,39%"
"17.10.2022","112,44","107,93","112,76","107,65","78,50M","4,32%"
"14.10.2022","107,78","106,92","109,19","105,69","52,57M","1,20%"
"13.10.2022","106,50","105,72","107,30","104,80","46,85M","0,57%"
"12.10.2022","105,90","108,27","108,50","105,25","63,38M","-1,69%"
"11.10.2022","107,72","106,50","108,30","104,26","76,96M","0,95%"
"10.10.2022","106,71","96,55","106,77","96,50","117,47M","5,13%"
"07.10.2022","101,50","107,70","108,48","101,30","90,99M","-6,23%"
"06.10.2022","108,24","108,65","110,38","107,57","51,74M","-0,25%"
"05.10.2022","108,51","110,49","110,49","106,25","90,42M","-1,85%"
"04.10.2022","110,55","115,06","115,50","110,30","83,56M","-3,32%"
"03.10.2022","114,35","110,62","114,65","109,00","73,96M","3,76%"
"30.09.2022","110,21","111,00","113,40","103,40","133,57M","-0,18%"
"29.09.2022","110,41","111,59","112,20","107,68","67,49M","-0,59%"
"28.09.2022","111,06","112,00","115,20","109,13","77,97M","-1,65%"
"27.09.2022","112,92","110,00","113,89","107,07","90,98M","5,47%"
"26.09.2022","107,06","114,00","117,99","105,00","148,64M","-10,33%"
"23.09.2022","119,39","124,49","124,50","117,35","85,91M","-3,96%"
"22.09.2022","124,31","120,25","126,95","120,25","117,48M","3,39%"
"21.09.2022","120,23","112,50","123,98","109,27","136,63M","-3,89%"
"20.09.2022","125,10","137,87","138,35","122,42","208,95M","-9,37%"
"19.09.2022","138,04","137,40","139,08","137,07","33,27M","0,23%"
"16.09.2022","137,73","139,37","141,39","136,80","71,80M","-1,25%"
"15.09.2022","139,48","139,15","140,28","137,61","56,24M","0,42%"
"14.09.2022","138,90","136,60","139,29","135,20","62,84M","1,39%"
"13.09.2022","137,00","138,70","139,37","136,15","44,58M","-1,23%"
"12.09.2022","138,70","137,07","140,37","136,80","52,61M","0,40%"
"09.09.2022","138,15","134,41","138,47","134,23","49,12M","2,71%"
"08.09.2022","134,51","136,69","137,40","134,00","57,74M","-1,72%"
"07.09.2022","136,86","136,96","139,19","135,41","60,75M","-0,27%"
"06.09.2022","137,23","140,90","141,07","135,22","86,67M","-2,67%"
"05.09.2022","141,00","143,50","145,10","139,11","87,60M","-1,95%"
"02.09.2022","143,80","138,80","144,90","136,22","136,89M","4,05%"
"01.09.2022","138,20","133,99","138,22","132,02","54,94M","2,94%"
"31.08.2022","134,25","132,30","138,34","131,50","107,45M","3,23%"
"30.08.2022","130,05","131,17","132,60","129,65","51,08M","-0,85%"
"29.08.2022","131,17","130,12","131,40","129,52","40,91M","0,59%"
"26.08.2022","130,40","128,02","130,50","127,62","32,88M","1,73%"
"25.08.2022","128,18","128,15","129,81","127,10","36,07M","0,02%"
"24.08.2022","128,15","130,60","131,64","127,85","45,83M","-1,71%"
"23.08.2022","130,38","126,06","130,49","126,01","65,42M","3,43%"
"22.08.2022","126,06","125,00","126,69","124,70","24,51M","0,69%"
"19.08.2022","125,20","126,30","126,36","124,72","18,68M","-0,87%"
"18.08.2022","126,30","124,39","126,50","123,92","25,42M","1,45%"
"17.08.2022","124,50","126,58","127,44","124,50","32,89M","-1,50%"
"16.08.2022","126,39","125,20","126,86","124,53","27,29M","1,11%"
"15.08.2022","125,00","124,56","125,70","123,28","25,36M","0,10%"
"12.08.2022","124,88","123,46","124,98","122,60","27,22M","1,16%"
"11.08.2022","123,45","126,97","126,97","123,07","30,95M","-2,18%"
"10.08.2022","126,20","126,25","127,29","124,87","31,94M","-0,16%"
"09.08.2022","126,40","123,90","126,50","122,30","37,92M","2,09%"
"08.08.2022","123,81","126,11","127,38","123,51","53,66M","1,15%"
"05.08.2022","122,40","127,50","127,58","122,24","61,18M","-3,58%"
"04.08.2022","126,95","126,94","128,13","126,16","19,56M","0,08%"
"03.08.2022","126,85","128,05","129,15","126,27","30,95M","-0,53%"
"02.08.2022","127,53","126,60","128,44","125,60","44,01M","0,15%"
"01.08.2022","127,34","131,77","131,77","127,34","44,32M","-3,46%"
"29.07.2022","131,90","131,65","132,75","130,31","27,79M","0,14%"
"28.07.2022","131,72","133,01","133,49","130,10","40,10M","-0,59%"
"27.07.2022","132,50","132,90","134,79","131,62","42,53M","-0,30%"
"26.07.2022","132,90","132,02","133,90","131,00","50,35M","1,10%"
"25.07.2022","131,45","128,90","132,00","127,24","55,99M","2,04%"
"22.07.2022","128,82","125,50","129,10","125,03","46,48M","2,66%"
"21.07.2022","125,48","126,44","126,83","122,24","53,63M","-0,76%"
"20.07.2022","126,44","128,12","129,20","126,16","34,76M","-1,03%"
"19.07.2022","127,76","128,00","128,11","125,51","32,38M","-0,27%"
"18.07.2022","128,11","130,00","130,64","127,25","35,48M","-0,61%"
"15.07.2022","128,90","126,06","129,44","125,27","44,95M","2,38%"
"14.07.2022","125,90","125,97","128,00","124,61","41,70M","-0,08%"
"13.07.2022","126,00","129,80","129,95","125,36","45,93M","-2,33%"
"12.07.2022","129,00","126,50","129,35","124,20","57,25M","1,74%"
"11.07.2022","126,80","132,80","133,90","126,42","53,73M","-4,88%"
"08.07.2022","133,30","133,15","133,98","130,90","27,64M","0,16%"
"07.07.2022","133,09","134,00","135,20","131,22","43,06M","-0,68%"
"06.07.2022","134,00","133,50","137,10","132,50","47,08M","0,37%"
"05.07.2022","133,50","132,00","135,70","131,43","51,66M","1,57%"
"04.07.2022","131,43","129,00","132,80","127,16","48,01M","1,17%"
"01.07.2022","129,91","124,13","132,00","122,50","60,63M","3,76%"
"30.06.2022","125,20","132,50","135,44","123,55","91,50M","-5,72%"
"29.06.2022","132,80","139,80","139,89","132,75","55,16M","-5,14%"
"28.06.2022","139,99","141,75","142,35","138,50","54,86M","-0,82%"
"27.06.2022","141,15","137,70","141,77","136,77","69,96M","2,46%"
"24.06.2022","137,76","137,16","138,30","135,21","45,25M","0,66%"
"23.06.2022","136,85","133,90","138,40","131,50","108,12M","2,81%"
"22.06.2022","133,11","127,88","133,21","126,03","67,80M","3,11%"
"21.06.2022","129,10","131,98","133,49","127,11","75,57M","-1,67%"
"20.06.2022","131,29","124,10","131,50","123,60","65,68M","5,98%"
"17.06.2022","123,88","123,97","125,18","123,11","36,61M","0,12%"
"16.06.2022","123,73","121,50","123,73","120,41","47,92M","2,14%"
"15.06.2022","121,14","119,40","121,71","118,71","52,26M","1,82%"
"14.06.2022","118,98","118,03","119,88","115,80","37,69M","0,77%"
"10.06.2022","118,07","118,03","119,55","117,73","25,37M","-0,11%"
"09.06.2022","118,20","120,00","120,20","117,70","29,37M","-1,42%"
"08.06.2022","119,90","118,51","122,19","118,40","41,51M","1,34%"
"07.06.2022","118,32","118,68","118,90","117,32","22,27M","-0,39%"
"06.06.2022","118,78","119,26","120,35","118,29","22,28M","-0,36%"
"03.06.2022","119,21","119,29","120,16","117,18","34,34M","0,18%"
"02.06.2022","119,00","121,90","122,39","118,50","42,77M","-2,44%"
"01.06.2022","121,97","117,50","122,69","117,00","43,79M","3,10%"
"31.05.2022","118,30","120,00","120,00","117,62","29,98M","-1,96%"
"30.05.2022","120,67","121,60","123,00","120,21","24,96M","-0,45%"
"27.05.2022","121,22","123,00","123,50","120,90","32,69M","-1,45%"
"26.05.2022","123,00","124,80","125,99","122,00","51,99M","-0,93%"
"25.05.2022","124,15","124,11","125,50","120,50","53,51M","0,44%"
"24.05.2022","123,60","119,45","125,00","117,10","45,16M","3,47%"
"23.05.2022","119,46","121,50","122,50","118,90","37,98M","-2,24%"
"20.05.2022","122,20","126,06","127,00","121,05","39,29M","-2,71%"
"19.05.2022","125,60","125,31","126,86","123,21","34,25M","0,38%"
"18.05.2022","125,12","128,20","131,30","125,00","55,57M","-2,06%"
"17.05.2022","127,75","124,00","127,78","123,65","41,96M","3,52%"
"16.05.2022","123,41","120,90","123,50","119,50","34,94M","2,67%"
"13.05.2022","120,20","120,45","121,59","118,20","22,84M","0,88%"
"12.05.2022","119,15","123,10","123,74","118,05","30,85M","-3,40%"
"11.05.2022","123,34","123,00","126,05","121,86","32,87M","0,19%"
"06.05.2022","123,10","124,74","124,99","121,52","30,60M","-1,36%"
"05.05.2022","124,80","124,21","125,54","122,75","42,38M","1,30%"
"04.05.2022","123,20","129,10","131,50","122,50","67,29M","-4,35%"
"29.04.2022","128,80","123,67","130,00","122,80","87,37M","4,00%"
"28.04.2022","123,85","132,14","134,50","123,05","123,54M","-5,54%"
"27.04.2022","131,11","123,00","131,73","120,60","115,50M","7,15%"
"26.04.2022","122,36","112,58","124,92","111,90","83,54M","9,35%"
"25.04.2022","111,90","116,00","116,40","111,50","45,81M","-4,33%"
"22.04.2022","116,97","118,65","122,32","115,55","57,47M","-1,42%"
"21.04.2022","118,65","121,97","123,05","117,85","40,65M","-2,35%"
"20.04.2022","121,50","121,00","125,44","117,51","66,60M","1,00%"
"19.04.2022","120,30","123,85","123,85","115,36","79,91M","-2,87%"
"18.04.2022","123,85","131,41","132,68","123,70","58,50M","-5,37%"
"15.04.2022","130,88","128,55","131,72","125,12","46,77M","1,42%"
"14.04.2022","129,05","135,85","135,89","129,05","44,37M","-4,76%"
"13.04.2022","135,50","136,78","138,14","132,72","39,09M","0,09%"
"12.04.2022","135,38","138,84","140,10","130,35","75,39M","-2,39%"
"11.04.2022","138,69","144,09","146,98","138,50","47,58M","-3,50%"
"08.04.2022","143,72","149,05","151,00","141,06","48,45M","-2,56%"
"07.04.2022","147,50","143,10","149,90","142,50","58,84M","4,17%"
"06.04.2022","141,60","143,51","153,30","140,65","109,04M","-8,11%"
"05.04.2022","154,10","169,83","169,90","147,76","130,34M","-7,17%"
"04.04.2022","166,00","158,76","166,88","150,20","115,94M","7,44%"
"01.04.2022","154,50","145,00","155,40","144,51","118,88M","7,52%"
"31.03.2022","143,69","135,25","147,41","134,52","118,43M","6,75%"
"30.03.2022","134,60","136,89","138,40","131,11","35,68M","4,53%"
"29.03.2022","128,77","126,16","137,57","122,00","72,34M","3,02%"
"28.03.2022","125,00","130,60","131,47","125,00","33,21M","-4,94%"
"25.03.2022","131,50","137,00","147,00","128,20","57,66M","-3,48%"
"24.03.2022","136,24","131,00","156,20","130,15","159,46M","3,90%"
"25.02.2022","131,12","123,75","152,89","115,11","396,29M","-0,80%"
"24.02.2022","132,18","187,54","187,54","89,59","829,36M","-36,61%"
"22.02.2022","208,53","198,72","219,90","182,03","946,02M","3,75%"
"21.02.2022","201,00","249,15","258,32","184,30","1,08B","-19,69%"
"18.02.2022","250,28","262,13","267,00","245,00","270,59M","-3,95%"
"17.02.2022","260,58","277,00","277,00","259,36","262,09M","-6,19%"
"16.02.2022","277,78","276,88","281,00","274,15","195,82M","1,38%"
"15.02.2022","274,00","257,89","274,00","257,51","271,52M","6,74%"
"14.02.2022","256,70","256,69","259,50","245,10","357,65M","-1,58%"
"11.02.2022","260,83","274,90","275,87","259,61","213,95M","-5,22%"
"10.02.2022","275,20","279,20","282,30","273,67","180,15M","-1,39%"
"09.02.2022","279,09","270,01","279,71","270,00","193,58M","3,44%"
"08.02.2022","269,80","257,60","269,90","256,52","161,51M","4,73%"
"07.02.2022","257,61","256,99","260,53","253,52","85,59M","0,42%"
"04.02.2022","256,53","251,99","259,74","251,91","127,04M","2,29%"
"03.02.2022","250,79","258,45","259,87","250,06","151,17M","-3,91%"
"02.02.2022","261,00","265,88","266,91","254,52","170,22M","-1,40%"
"01.02.2022","264,70","269,72","273,10","260,56","170,40M","-1,75%"
"31.01.2022","269,42","258,98","269,60","258,81","156,18M","4,50%"
"28.01.2022","257,82","255,87","262,00","252,02","204,18M","1,39%"
"27.01.2022","254,29","235,00","260,00","233,10","301,31M","7,34%"
"26.01.2022","236,90","240,50","245,17","233,30","224,84M","-1,12%"
"25.01.2022","239,59","237,00","243,55","231,00","232,60M","1,11%"
"24.01.2022","236,97","246,51","249,88","226,00","325,83M","-4,02%"
"21.01.2022","246,90","252,99","259,08","246,00","295,69M","-3,03%"
"20.01.2022","254,61","244,17","263,00","240,01","329,11M","3,98%"
"19.01.2022","244,86","232,90","249,00","221,03","360,96M","4,33%"
"18.01.2022","234,70","258,80","259,39","228,09","484,06M","-8,95%"
"17.01.2022","257,78","262,15","264,01","247,00","248,69M","-1,23%"
"14.01.2022","261,00","272,39","277,98","249,20","406,25M","-4,22%"
"13.01.2022","272,50","289,56","290,37","269,90","211,56M","-6,16%"
"12.01.2022","290,40","292,82","292,92","285,05","81,82M","-0,51%"
"11.01.2022","291,88","293,40","293,94","288,71","58,92M","0,07%"
"10.01.2022","291,69","295,52","298,88","288,68","67,43M","-0,76%"
"06.01.2022","293,92","286,60","295,10","281,00","79,38M","2,41%"
"05.01.2022","287,01","303,72","304,26","287,00","70,02M","-5,66%"
"04.01.2022","304,24","305,51","310,10","301,63","53,27M","-0,40%"
"03.01.2022","305,47","295,90","305,50","294,34","50,18M","4,08%"